Title,News_url,Image_url,Label
Tucker Carlson warns Dems now totally 'totalitarian',https://www.wnd.com/2021/08/tucker-carlson-warns-dems-now-totally-totalitarian/?utm_source=twitter&utm_medium&utm_content=2021-08-05,https://www.wnd.com/wp-content/uploads/2021/04/realtor-real-estate-home-house-keys-hand-Pexels.jpg,1
Supremes slap down Biden's eviction moratorium,https://www.wnd.com/2021/08/supremes-slap-bidens-eviction-moratorium/?utm_source=twitter&utm_medium&utm_content=2021-08-27,https://www.wnd.com/wp-content/uploads/2020/10/key-lock-door-Pexels-copyright-free-image.jpg,1
GOP stages COVID revolt as Biden resurrects masking,https://www.wnd.com/2021/07/gop-stages-covid-revolt-biden-resurrects-masking/?utm_source=twitter&utm_medium&utm_content=2021-07-31,https://www.wnd.com/wp-content/uploads/2020/05/face-masks-coronavirus-covid-19-woman-eyes-jpg.jpg,0
"Canada reopens border to Americans, but only for the vaccinated",https://www.wnd.com/2021/08/canada-reopens-border-americans-vaccinated/?utm_source=twitter&utm_medium&utm_content=2021-08-10,https://www.wnd.com/wp-content/uploads/2019/07/america-niagara-falls-canada-danger-dawn-waterfall-border-colors-amazing-pixabay.jpg,1
Vaccine passports blasted as 'stealth move to tyranny',https://www.wnd.com/2021/05/vaccine-passports-blasted-stealth-move-tyranny/?utm_source=twitter&utm_medium&utm_content=2021-05-16,https://www.wnd.com/wp-content/uploads/2021/01/vaccines-flag-covid-coronavirus-masks-americans-patriotic-military-defense.jpg,1
WSJ directly targets “White Evangelicals” as greatest evaders of COVID vaccine among religious groups,https://endtimeheadlines.org/2021/07/wsj-directly-targets-white-evangelicals-as-greatest-evaders-or-covid-vaccine-among-religious-groups/,https://endtimeheadlines.org/wp-content/uploads/2021/07/shutterstock_764526784.jpeg,0
CNN admits one governor got it right on lockdown,https://www.wnd.com/2021/03/cnn-admits-1-governor-got-right-lockdown/?utm_source=twitter&utm_medium&utm_content=2021-03-17,https://www.wnd.com/wp-content/uploads/2021/01/lockdown-hallway-business-closed-covid-coronavirus-economy-jobs-unemployment-jk.jpg,0
4 Things I Wish I Had Known Before the SHTF in Venezuela,https://www.naturalblaze.com/2020/12/4-things-i-wish-i-had-known-before-the-shtf-in-venezuela.html,https://www.naturalblaze.com/wp-content/uploads/2020/12/father-son-pix.jpg,1
Biden and Pelosi 'missing the point' about health care options,https://www.wnd.com/2021/07/biden-pelosi-missing-point-health-care-options/?utm_source=twitter&utm_medium&utm_content=2021-07-17,https://www.wnd.com/wp-content/uploads/2017/10/Rules-and-regulations.jpg,1
Study Outlines The Damage to Democracy and Human Rights Under Lockdowns,https://www.activistpost.com/2021/08/study-outlines-the-damage-to-democracy-and-human-rights-under-lockdowns.html?utm_source=Twitter&utm_medium=Social&utm_campaign=OneUpApp,https://www.activistpost.com/wp-content/uploads/2021/08/mad-max-aier.jpg,1
Free Big Mac': CDC boss told to hold 'prize drawing' for vaccinated Americans,https://www.wnd.com/2021/05/free-big-mac-cdc-boss-told-hold-prize-drawing-vaccinated-americans/?utm_source=twitter&utm_medium&utm_content=2021-05-05,https://www.wnd.com/wp-content/uploads/2021/04/license-plates-florida-big-mac-mcdonalds-food-lunch-dinner-meals-beef-burgers-hunger-fast-food-eating-restaurants-scuba-diving-under-water-jk.jpg,1
Biden Wants a Global Minimum Tax to Offset His Proposed Huge Corporate Tax Increase,https://www.activistpost.com/2021/05/biden-wants-a-global-minimum-tax-to-offset-his-proposed-huge-corporate-tax-increase.html?utm_source=Twitter&utm_medium=Social&utm_campaign=OneUpApp,https://www.activistpost.com/wp-content/uploads/2019/07/ihearttax-1024x681-1-1024x681.jpg,1
Push for U.S. 'vaccine passport' grows as Canada announces its own,https://www.wnd.com/2021/05/4913106/?utm_source=twitter&utm_medium&utm_content=2021-05-04,https://www.wnd.com/wp-content/uploads/2021/04/vaccines-vaccination-team-patch-covid-coronavirus-military-defense-jpg.jpg,1
China expert Gordon Chang: 'America must #MakeChinaPay' for COVID,https://www.wnd.com/2021/06/china-expert-gordon-chang-america-must-makechinapay-covid/?utm_source=twitter&utm_medium&utm_content=2021-06-04,https://www.wnd.com/wp-content/uploads/2020/04/china-city-shanghai-traffic-cars-roads-highways-bridges-cool-night-lights-skyline-circles-pixabay-jpg.jpg,1
Biden called on to defend ally from China's 'authoritarian' policies,https://www.wnd.com/2021/01/biden-called-defend-ally-chinas-authoritarian-policies/?utm_source=twitter&utm_medium&utm_content=2021-01-17,https://www.wnd.com/wp-content/uploads/2021/01/australian-union-jack-flags-americans-soldiers-warriors-military-defense.jpg,1
New Study Links Lockdowns to Potential Long-Term Increases In Excess Deaths,https://www.naturalblaze.com/2021/01/new-study-links-lockdowns-to-potential-long-term-increases-in-excess-deaths.html?utm_source=Twitter&utm_medium=Social&utm_campaign=OneUpApp,https://www.naturalblaze.com/wp-content/uploads/2021/01/lockdown-death-aier.jpg,0
Peer-Reviewed Study “Did Not Find Evidence” Lockdowns Were Effective In Stopping COVID Spread,https://www.naturalblaze.com/2021/01/peer-reviewed-study-did-not-find-evidence-lockdowns-were-effective-in-stopping-covid-spread.html?utm_source=Twitter&utm_medium=Social&utm_campaign=OneUpApp,https://www.naturalblaze.com/wp-content/uploads/2020/07/lockdown-lessons-pix.jpg,0
Lockdowns Have Depleted Capital in All Forms,https://www.activistpost.com/2021/02/lockdowns-have-depleted-capital-in-all-forms.html?utm_source=Twitter&utm_medium=Social&utm_campaign=OneUpApp,https://www.activistpost.com/wp-content/uploads/2021/02/capital-aier.jpg,1
COVID deaths plunge after major world city introduces ivermectin,https://www.wnd.com/2021/05/covid-deaths-plunge-major-world-city-introduced-ivermectin/?utm_source=twitter&utm_medium&utm_content=2021-05-31,https://www.wnd.com/wp-content/uploads/2021/05/crowds-many-people-city-tourists-tourism-overpopulation-pixabay.jpg,1
Now WHO admits 'gold standard' COVID test is unreliable,https://www.wnd.com/2021/01/now-admits-gold-standard-covid-test-unreliable/?utm_source=twitter&utm_medium&utm_content=2021-01-21,https://www.wnd.com/wp-content/uploads/2021/01/covid-coronavirus-testing-locked-lock-downs-Pixabay-copyright-free-image.jpg,1
State drops 'gotcha' question on COVID objectors,https://www.wnd.com/2021/08/washington-state-drops-gotcha-question-covid-objectors/?utm_source=twitter&utm_medium&utm_content=2021-08-26,https://www.wnd.com/wp-content/uploads/2020/12/vaccine-vaccination-medicine-Pixabay-copyright-free-image.jpg,0
Pandemic-Driven Hunger Hits 15-Year High As Global Crisis Unfolds,https://www.activistpost.com/2021/07/pandemic-driven-hunger-hits-15-year-high-as-global-crisis-unfolds.html?utm_source=Twitter&utm_medium=Social&utm_campaign=OneUpApp,https://www.activistpost.com/wp-content/uploads/2021/03/food-price-inflation-pix.jpg,0
"Tyson Foods mandates COVID vaccines for all 139,000 U.S. employees",https://endtimeheadlines.org/2021/08/tyson-foods-mandates-covid-vaccines-for-all-139000-u-s-employees/,https://endtimeheadlines.org/wp-content/uploads/2021/08/shutterstock_1117907831.jpeg,0
"Macron to make EU Digital Covid Certificate mandatory in all cultural venues, including cinemas, theaters and concert halls starting on July 21st",https://endtimeheadlines.org/2021/07/macron-to-make-eu-digital-covid-certificate-mandatory-in-all-cultural-venues-including-cinemas-theaters-and-concert-halls-starting-on-july-21st/,https://endtimeheadlines.org/wp-content/uploads/2021/07/shutterstock_1891274599.jpeg,0
Israeli PM: You're not protected with only 2 COVID shots,https://www.wnd.com/2021/08/4940662/?utm_source=twitter&utm_medium&utm_content=2021-08-24,https://www.wnd.com/wp-content/uploads/2021/03/vaccines-fear-shy-covid-coronavirus-moderna-tattoos-military-defense.jpg,1
Zoom Privilege: How Lockdowns Made the Rich Richer,https://www.activistpost.com/2021/01/zoom-privilege-how-lockdowns-made-the-rich-richer.html?utm_source=Twitter&utm_medium=Social&utm_campaign=OneUpApp,https://www.activistpost.com/wp-content/uploads/2021/01/zoom-lockdown-aier.jpg,1
The Labor Shortage Is a Government-Contrived Scarcity,https://www.activistpost.com/2021/06/the-labor-shortage-is-a-government-contrived-scarcity.html?utm_source=Twitter&utm_medium=Social&utm_campaign=OneUpApp,https://www.activistpost.com/wp-content/uploads/2021/06/gov-scarcity-aier.jpg,1
"Shrinkflation, Inflation’s Sneaky Cousin, Is On The Rise",https://www.activistpost.com/2021/07/shrinkflation-inflations-sneaky-cousin-is-on-the-rise.html?utm_source=Twitter&utm_medium=Social&utm_campaign=OneUpApp,https://www.activistpost.com/wp-content/uploads/2021/03/shopping-2-pix.jpg,1
Workers Get Sonic “Dog Collars” To Enforce Social Distancing,https://www.activistpost.com/2021/01/workers-get-sonic-dog-collars-to-enforce-social-distancing.html?utm_source=Twitter&utm_medium=Social&utm_campaign=OneUpApp,https://www.activistpost.com/wp-content/uploads/2021/01/dog-collar-social-distancing-tnat.jpg,1
"Cities That Reduced Arrests for Victimless Crimes Saw Fewer Police Shootings, No Spike in Crime",https://www.activistpost.com/2021/08/cities-that-reduced-arrests-for-victimless-crimes-saw-fewer-police-shootings-no-spike-in-crime.html?utm_source=Twitter&utm_medium=Social&utm_campaign=OneUpApp,https://www.activistpost.com/wp-content/uploads/2021/08/atlanta-crime-1050x525-1.jpg,0
U.S. troops speak out against COVID-vaccine mandate,https://www.wnd.com/2021/08/u-s-troops-speak-covid-vaccine-mandate/?utm_source=twitter&utm_medium&utm_content=2021-08-30,https://www.wnd.com/wp-content/uploads/2021/08/speed-cool-blur-warplanes-military-defense-jpg.jpg,1
CDC adjusts Florida's weekend Covid numbers after state accused the agency of overcounting cases,https://www.dailymail.co.uk/health/article-9884193/CDC-adjusts-Floridas-weekend-Covid-numbers-state-accused-agency-overcounting-cases.html,https://i.dailymail.co.uk/1s/2021/08/11/22/46569693-0-image-a-52_1628716219827.jpg,1
Fed up truck drivers in Australia vow to block every major highway into every state during radical anti-lockdown strike,https://endtimeheadlines.org/2021/08/fed-up-truck-drivers-in-australia-vow-to-block-every-major-highway-into-every-state-during-radical-anti-lockdown-strike/,https://endtimeheadlines.org/wp-content/uploads/2021/08/shutterstock_301750778.jpeg,0
Report: Media 'stalk' salon owner who defied governor,https://www.wnd.com/2021/03/report-media-stalk-salon-owner-defied-governor/?utm_source=twitter&utm_medium&utm_content=2021-03-10,https://www.wnd.com/wp-content/uploads/2020/09/blonde-girl-white-teenagers-woman-women-hair-backside-sunset-beautiful-pixabay.jpg,1
We Are Dangerously Close To “The Tipping Point”,https://www.activistpost.com/2021/05/we-are-dangerously-close-to-the-tipping-point.html?utm_source=Twitter&utm_medium=Social&utm_campaign=OneUpApp,https://www.activistpost.com/wp-content/uploads/2021/05/tipping-ecb.jpg,1
Using COVID to 'reset our policies and our culture',https://www.wnd.com/2021/03/using-covid-reset-policies-culture/?utm_source=twitter&utm_medium&utm_content=2021-03-05,https://www.wnd.com/wp-content/uploads/2020/12/reset-Pixabay-copyright-free-image.jpg,1
"Sweden Joins Denmark, US In Issuing “Immunity Passports”",https://www.naturalblaze.com/2021/02/sweden-joins-denmark-us-in-issuing-immunity-passports.html?utm_source=Twitter&utm_medium=Social&utm_campaign=OneUpApp,https://www.naturalblaze.com/wp-content/uploads/2021/01/vaccine-passport-truth-unmuted.jpg,0
CNN exec floats idea of punishing the unvaccinated,https://www.wnd.com/2021/07/cnn-exec-floats-idea-punishing-unvaccinated/?utm_source=twitter&utm_medium&utm_content=2021-07-23,https://www.wnd.com/wp-content/uploads/2021/07/punish-outsider-Pixabay.jpg,0
Australia deploys helicopters & soldiers to keep people in their homes in one of world’s strictest Covid lockdowns,https://endtimeheadlines.org/2021/08/australia-deploys-helicopters-soldiers-to-keep-people-in-their-homes-in-one-of-worlds-strictest-covid-lockdowns/,https://endtimeheadlines.org/wp-content/uploads/2021/08/shutterstock_1811055487.jpeg,0
"Shock executive order greenlights quarantines, involuntary commitment amid COVID fears",https://www.wnd.com/2021/08/shock-executive-order-greenlights-quarantines-involuntary-commitment-amid-covid-fears/?utm_source=twitter&utm_medium&utm_content=2021-08-08,https://www.wnd.com/wp-content/uploads/2021/03/greenlights-red-lights-cool-speed-warplanes-aircraft-carrier-military-defense-jpg.jpg,1
"8 Million More Living In Poverty, 9 Million Small Businesses In Danger Of Closing, 10 Million Behind On Rent…",https://www.activistpost.com/2021/02/8-million-more-living-in-poverty-9-million-small-businesses-in-danger-of-closing-10-million-behind-on-rent.html?utm_source=Twitter&utm_medium=Social&utm_campaign=OneUpApp,https://www.activistpost.com/wp-content/uploads/2018/05/economic-history-daily-sheeple.jpg,1
COVID-19 a chance for U.S. 'diplomacy' in Caribbean,https://www.wnd.com/2021/04/covid-19-chance-u-s-diplomacy-caribbean/?utm_source=twitter&utm_medium&utm_content=2021-04-25,https://www.wnd.com/wp-content/uploads/2021/04/license-plates-florida-palm-trees-tropicsl-beaches-vacation-fun-ocean-sunshine-coconuts-traveling-caribbean-left-jk.jpg,1
DeSantis slams Biden proposal to block Americans' travel,https://www.wnd.com/2021/02/desantis-slams-biden-proposal-block-americans-travel/?utm_source=twitter&utm_medium&utm_content=2021-02-11,https://www.wnd.com/wp-content/uploads/2021/01/license-plates-love-2-sun-sunshine-state-tanning-skin-cancer-sunburn-vacation-cars-travel-roads-florida-beach-ocean-jk.jpg,1
Why Lockdowns Offer the Perfect Opportunity to Teach Kids about Liberty and Government,https://countermarkets.com/why-lockdowns-offer-the-perfect-opportunity-to-teach-kids-about-liberty-and-government/?utm_source=Twitter&utm_medium=Social&utm_campaign=OneUpApp,https://countermarkets.com/wp-content/uploads/2020/06/lockdown-unrest-pix.jpg,0
"Local Kroger Stores Close as California ""Hero Pay"" Ordinance Backfires",https://countermarkets.com/local-kroger-stores-close-as-california-hero-pay-ordinance-backfires/?utm_source=Twitter&utm_medium=Social&utm_campaign=OneUpApp,https://countermarkets.com/wp-content/uploads/2021/02/kroger-hero.jpg,0
"80,606 Accounts Shut Off in 2020; Media Outlet Seeks Detroit Residents Struggling to Pay Their Electric Bills",https://www.activistpost.com/2021/06/80606-accounts-shut-off-in-2020-media-outlet-seeks-detroit-residents-struggling-to-pay-their-electric-bills.html?utm_source=Twitter&utm_medium=Social&utm_campaign=OneUpApp,https://www.activistpost.com/wp-content/uploads/2019/08/smart-vs_-analog2-1024x512-1024x512-1-1024x512-1-1024x512-1.jpg,1
Doctors challenge CDC claim that COVID kills 'healthy' kids,https://www.wnd.com/2021/06/doctors-challenge-cdc-claim-covid-kills-healthy-kids/?utm_source=twitter&utm_medium&utm_content=2021-06-15,https://www.wnd.com/wp-content/uploads/2021/03/swimming-pool-boys-children-fun-splashing-water-hair-back-skin-cancer-sunscreen-back-pixabay.jpg,1
Governor touts new law creating 'sanctuary state for people of faith',https://www.wnd.com/2021/02/4895326/?utm_source=twitter&utm_medium&utm_content=2021-02-24,https://www.wnd.com/wp-content/uploads/2021/01/John-the-Baptist-Jesus-baptism-church-stained-glass-Pexels-copyright-free-image.jpg,0
"Jobless claims edge down to 375,000",https://www.wnd.com/2021/08/jobless-claims-edge-375000/?utm_source=twitter&utm_medium&utm_content=2021-08-12,https://www.wnd.com/wp-content/uploads/2021/03/berlin-building-architecture-business-jobs-economy-workforce-pixabay.jpg,1
1.8 million have rejected jobs to collect unemployment cash,https://www.wnd.com/2021/07/1-8-million-rejected-jobs-collect-unemployment-cash/?utm_source=twitter&utm_medium&utm_content=2021-07-14,https://www.wnd.com/wp-content/uploads/2019/04/ronald-mcdonald-mcdonalds-clown-fast-food-restaurant-pixabay.jpg,1
A Lot of City Folks Who Just Moved to the Country Are in for a Rude Awakening,https://www.naturalblaze.com/2020/12/a-lot-of-city-folks-who-just-moved-to-the-country-are-in-for-a-rude-awakening.html,https://www.naturalblaze.com/wp-content/uploads/2020/12/country-op.jpg,0
"Jobless claims edge down to 376,000",https://www.wnd.com/2021/06/jobless-claims-edge-376000/?utm_source=twitter&utm_medium&utm_content=2021-06-10,https://www.wnd.com/wp-content/uploads/2012/11/jobless.jpg,1
Here's how to tell employer you can't take a COVID shot,https://www.wnd.com/2021/08/tell-employer-cant-take-covid-vaccine/?utm_source=twitter&utm_medium&utm_content=2021-08-15,https://www.wnd.com/wp-content/uploads/2021/04/vaccines-vaccinations-social-distancing-covid-coronavirus-crowd-jpg-1.jpg,1
Biden's strategy to make Americans dependent on China,https://www.wnd.com/2021/06/bidens-strategy-make-americans-dependent-china/?utm_source=twitter&utm_medium&utm_content=2021-06-06,https://www.wnd.com/wp-content/uploads/2021/06/mining-camp-digging-miners-minerals-excavation-rare-earth-pixabay.jpg,1
Oregon may use National Guard for door-to-door COVID questions,https://www.wnd.com/2021/07/oregon-use-national-guard-door-door-covid-questions/?utm_source=twitter&utm_medium&utm_content=2021-07-09,https://www.wnd.com/wp-content/uploads/2021/07/hand-door-knocking-Photo-by-Patrice-Lewis-913x479.jpg,0
15 States Are Moving to Curb Public Health Agency Powers Following Lockdown Carnage,https://www.activistpost.com/2021/06/15-states-are-moving-to-curb-public-health-agency-powers-following-lockdown-carnage.html?utm_source=Twitter&utm_medium=Social&utm_campaign=OneUpApp,https://www.activistpost.com/wp-content/uploads/2021/02/closed-fee.jpg,1
Biden now wants to vaccinate illegal aliens,https://www.wnd.com/2021/08/biden-moves-now-vaccinate-illegal-aliens/?utm_source=twitter&utm_medium&utm_content=2021-08-04,https://www.wnd.com/wp-content/uploads/2017/03/us-mexico-border-wall-map-illegal-aliens-immigration-600.jpg,1
"States reopening, U.S. economy surges",https://www.wnd.com/2021/04/states-reopening-u-s-economy-surges/?utm_source=twitter&utm_medium&utm_content=2021-04-29,https://www.wnd.com/wp-content/uploads/2020/04/amazon-shopping-add-to-cart-online-keyboard-internet-commerce-economy-business-money-pixabay.jpg,1
Klobuchar goes to war with big companies,https://www.wnd.com/2021/03/klobuchar-goes-war-big-companies/?utm_source=twitter&utm_medium&utm_content=2021-03-20,https://www.wnd.com/wp-content/uploads/2021/03/startup-business-computer-coffeehouse-Pixabay-copyright-free-image.jpg,1
Congressman and ex-Florida governor launches bid to oust DeSantis,https://www.wnd.com/2021/05/dem-congressman-ex-florida-governor-launches-bid-oust-desantis/?utm_source=twitter&utm_medium&utm_content=2021-05-04,https://www.wnd.com/wp-content/uploads/2020/01/beach-paradise-caribbean-sea-ocean-palm-trees-blue-sky-tropical-florida-islands-keys-pixabay.jpg,1
The Dangers of Going Back to School After a Year of COVID-19 Lockdowns,https://www.activistpost.com/2021/08/the-dangers-of-going-back-to-school-after-a-year-of-covid-19-lockdowns.html?utm_source=Twitter&utm_medium=Social&utm_campaign=OneUpApp,https://www.activistpost.com/wp-content/uploads/2020/07/school-world-order-1024x570-1.jpg,0
We Are Suffering Through The Most Painful Economic Crisis Since The Great Depression Of The 1930s,https://www.activistpost.com/2021/01/we-are-suffering-through-the-most-painful-economic-crisis-since-the-great-depression-of-the-1930s.html?utm_source=Twitter&utm_medium=Social&utm_campaign=OneUpApp,https://www.activistpost.com/wp-content/uploads/2019/10/america-collapse-1024x577-1.jpg,1
The lesson from banning religious services during COVID,https://www.wnd.com/2021/04/lesson-banning-religious-services-covid/?utm_source=twitter&utm_medium&utm_content=2021-04-03,https://www.wnd.com/wp-content/uploads/2020/03/washington-national-cathedral-church-architecture-christians-christianity-pixabay.jpg,0
America’s Slide Into Economic Oblivion Is Already Starting To Accelerate,https://www.activistpost.com/2021/01/americas-slide-into-economic-oblivion-is-already-starting-to-accelerate.html,https://www.activistpost.com/wp-content/uploads/2021/01/mall-collapse-ecb.jpg,1
Pope Francis: Another 'great flood' possible due to global warming,https://www.wnd.com/2021/03/4896413/?utm_source=twitter&utm_medium&utm_content=2021-03-01,https://www.wnd.com/wp-content/uploads/2014/02/noah_movie.jpg,0
Mask-free Sweden is close to ZERO daily Covid deaths,https://www.dailymail.co.uk/news/article-9855651/Mask-free-Sweden-close-ZERO-daily-Covid-deaths.html,https://i.dailymail.co.uk/1s/2021/08/03/11/46225219-0-image-a-24_1627985912090.jpg,0
Worldwide economic recovery depends on American energy,https://www.wnd.com/2021/04/worldwide-economic-recovery-depends-american-energy/?utm_source=twitter&utm_medium&utm_content=2021-04-25,https://www.wnd.com/wp-content/uploads/2020/10/warplanes-signaling-navy-blue-green-colors-night-powerful-military-defense.jpg,1
Conservative powerhouse restored to California governor's recall race,https://www.wnd.com/2021/07/conservative-powerhouse-restored-california-governors-recall-race/?utm_source=twitter&utm_medium&utm_content=2021-07-21,https://www.wnd.com/wp-content/uploads/2020/03/los-angeles-city-california-downtown-skyscrapers-buildings-americans-pixabay-jpg.jpg,1
"American Airlines Warns It Will Cut Another 13,000 Jobs As It Burns Through Latest Bailout In Just One Month",https://www.activistpost.com/2021/02/american-airlines-warns-it-will-cut-another-13000-jobs-as-it-burns-through-latest-bailout-in-just-one-month.html?utm_source=Twitter&utm_medium=Social&utm_campaign=OneUpApp,https://www.activistpost.com/wp-content/uploads/2021/02/airline-sunset-pix.jpg,0
Nearly half of L.A. tenants owe back rent,https://newsroom.ucla.edu/releases/half-los-angeles-tenants-owe-back-rent,https://s3.amazonaws.com/cms.ipressroom.com/173/files/20216/60f9ab402cfac272339a9688_rent-study-agil73-iStock/rent-study-agil73-iStock_mid.jpg,0
Nation threatened by 'confusion' over coronavirus vaccinations,https://www.wnd.com/2021/01/nation-threatened-confusion-coronavirus-vaccinations/?utm_source=twitter&utm_medium&utm_content=2021-01-24,https://www.wnd.com/wp-content/uploads/2021/01/vaccine-moderna-coronavirus-covid-military-defense.jpg,0
Central Banking and the Heavy Hand of the State,https://www.activistpost.com/2021/02/central-banking-and-the-heavy-hand-of-the-state.html,https://www.activistpost.com/wp-content/uploads/2021/02/central-banking-chess-aier.jpg,1
4 “Pestilences” that are happening in America as we speak,https://endtimeheadlines.org/2021/07/4-pestilences-that-are-happening-in-america-as-we-speak/,https://endtimeheadlines.org/wp-content/uploads/2021/07/shutterstock_1470544280.jpeg,0
Sheriff's deputies sent to schools over mask 'tensions',https://www.wnd.com/2021/08/sheriffs-deputies-sent-schools-mask-tensions/?utm_source=twitter&utm_medium&utm_content=2021-08-16,https://www.wnd.com/wp-content/uploads/2021/01/911-emergency-police-flag-ambulance-disaster-hospital-fire.jpg,1
Major food company mandates COVID vaccines for all workers,https://www.wnd.com/2021/08/major-food-company-mandates-covid-vaccines-workers/?utm_source=twitter&utm_medium&utm_content=2021-08-03,https://www.wnd.com/wp-content/uploads/2021/06/chicken-wings-food-lunches-dinners-snacks-eating-spicy-hot-sauce-peppers-pixabay.jpg,1
National Law Review: U.S. Court of Appeals May Rule Against FCC’s Radiofrequency Emission Limits Decision,https://www.activistpost.com/2021/02/national-law-review-u-s-court-of-appeals-may-rule-against-fccs-radiofrequency-emission-limits-decision.html,https://www.activistpost.com/wp-content/uploads/2020/01/PLASTIC-HEAD-2.jpg,1
Propaganda alert: China using 'experts' to cover up human-rights abuses,https://www.wnd.com/2021/03/propaganda-alert-china-using-experts-cover-human-rights-abuses/?utm_source=twitter&utm_medium&utm_content=2021-03-21,https://www.wnd.com/wp-content/uploads/2021/03/china-shanghai-chinese-city-night-urban-asian-buildings-skyscrapers-pixabay.jpg,1
Rock superstar rips vaccine 'propaganda' after 'disastrous reaction' to COVID shot,https://www.wnd.com/2021/05/rock-superstar-rips-vaccine-propaganda-disastrous-reaction-covid-shot/?utm_source=twitter&utm_medium&utm_content=2021-05-16,https://www.wnd.com/wp-content/uploads/2016/01/1-18-16-Eagles-concert-1.jpg,0
"Dems fought dark money, then used it. Will they now kill it?",https://www.wnd.com/2021/02/dems-fought-dark-money-used-will-now-kill/?utm_source=twitter&utm_medium&utm_content=2021-02-13,https://www.wnd.com/wp-content/uploads/2021/02/shadow-hand-dark-candle-Pixabay-copyright-free-image.jpg,1
Shots everywhere: Pentagon to require COVID-19 vaccine for all U.S. troops,https://www.wnd.com/2021/08/4936816/?utm_source=twitter&utm_medium&utm_content=2021-08-09,https://www.wnd.com/wp-content/uploads/2021/07/guns-firing-shooting-green-light-streak-bullets-ammo-ammunition-warfare-military-defense-jpg.jpg,0
Russia to Roll Out “Vaccine Certificates” for Domestic and International Travel,https://www.activistpost.com/2021/01/russia-to-roll-out-vaccine-certificates-for-domestic-and-international-travel.html?utm_source=Twitter&utm_medium=Social&utm_campaign=OneUpApp,https://www.activistpost.com/wp-content/uploads/2021/01/russia-air.jpg,0
The United States Has Become A Banana Republic,https://www.activistpost.com/2021/01/the-united-states-has-become-a-banana-republic.html?utm_source=Twitter&utm_medium=Social&utm_campaign=OneUpApp,https://www.activistpost.com/wp-content/uploads/2021/01/m1-ecb.jpg,0
States warned Biden DOJ election agenda is all politics,https://www.wnd.com/2021/08/states-warned-biden-doj-election-agenda-politics/?utm_source=twitter&utm_medium&utm_content=2021-08-26,https://www.wnd.com/wp-content/uploads/2020/05/blind_justice.jpg,1
UPDATE: Appeals court upholds Indiana university’s vaccine mandate,https://endtimeheadlines.org/2021/08/update-appeals-court-upholds-indiana-universitys-vaccine-mandate/,https://endtimeheadlines.org/wp-content/uploads/2021/08/shutterstock_728677927.jpeg,1
Major Mall Operator Washington Prime Group Files For Chapter 11 Bankruptcy,https://www.activistpost.com/2021/06/major-mall-operator-washington-prime-group-files-for-chapter-11-bankruptcy.html?utm_source=Twitter&utm_medium=Social&utm_campaign=OneUpApp,https://www.activistpost.com/wp-content/uploads/2020/07/mall-zh.jpg,0
Proposed New Internet Law in Mauritius Raises Serious Human Rights Concerns,https://www.activistpost.com/2021/05/proposed-new-internet-law-in-mauritius-raises-serious-human-rights-concerns.html?utm_source=Twitter&utm_medium=Social&utm_campaign=OneUpApp,https://www.activistpost.com/wp-content/uploads/2021/05/mauritius-spying.jpg,1
Invention Uses Microbes to Convert Plastic Waste into Edible Protein. But Would You Eat It?,https://www.activistpost.com/2021/07/invention-uses-microbes-to-convert-plastic-waste-into-edible-protein-but-would-you-eat-it.html?utm_source=Twitter&utm_medium=Social&utm_campaign=OneUpApp,https://www.activistpost.com/wp-content/uploads/2021/07/place-setting-pix.jpg,1
Government's Paycheck Protection Program bails out billionaire George Soros,https://www.wnd.com/2021/06/governments-paycheck-protection-program-bails-billionaire-george-soros/?utm_source=twitter&utm_medium&utm_content=2021-06-03,https://www.wnd.com/wp-content/uploads/2020/05/closed_covid-19.jpg,1
U. Illinois Implements “Pass COVID/No Pass COVID” Grading Scale to “help ease the stress”,https://www.activistpost.com/2021/02/u-illinois-implements-pass-covid-no-pass-covid-grading-scale-to-help-ease-the-stress.html,https://www.activistpost.com/wp-content/uploads/2021/02/covid-pass-campus-reform.jpg,0
DeSantis signs bills combatting Chinese influence in U.S.,https://www.wnd.com/2021/06/desantis-signs-bills-combatting-chinese-influence-u-s/?utm_source=twitter&utm_medium&utm_content=2021-06-07,https://www.wnd.com/wp-content/uploads/2013/05/south_miami_beach.jpg,1
Restaurants begin telling customers to show proof of vaccination or get no service,https://endtimeheadlines.org/2021/07/restaurants-begin-telling-customers-to-show-proof-of-vaccination-or-get-no-service/,https://endtimeheadlines.org/wp-content/uploads/2021/07/shutterstock_1992344744.jpeg,0
Biden wants to shove money into illegal eviction program before courts can rule,https://www.wnd.com/2021/08/biden-wants-shove-money-illegal-program-courts-can-rule/?utm_source=twitter&utm_medium&utm_content=2021-08-06,https://www.wnd.com/wp-content/uploads/2014/04/brooklyn_apartments.jpg,1
Exposed and Unprotected: 1.1 Billion Records of CVS Health Customers Posted Online,https://www.activistpost.com/2021/06/exposed-and-unprotected-1-1-billion-records-of-cvs-health-customers-posted-online.html?utm_source=Twitter&utm_medium=Social&utm_campaign=OneUpApp,https://www.activistpost.com/wp-content/uploads/2021/06/pill-box-pix.jpg,1
"The U.S. Has Lost More Than 110,000 Restaurants, Setting The Stage For A Commercial Real Estate Collapse Of Epic Proportions",https://www.activistpost.com/2021/01/the-u-s-has-lost-more-than-110000-restaurants-setting-the-stage-for-a-commercial-real-estate-collapse-of-epic-proportions.html,https://www.activistpost.com/wp-content/uploads/2021/01/restaurant-collapse-ecb.jpg,0
"The Global Supply Collapse Continues to Get Worse: Shortages of Clothing, Appliances, Food, and Other Essentials",https://www.naturalblaze.com/2021/01/the-global-supply-collapse-continues-to-get-worse-shortages-of-clothing-appliances-food-and-other-essentials.html?utm_source=Twitter&utm_medium=Social&utm_campaign=OneUpApp,https://www.naturalblaze.com/wp-content/uploads/2021/01/global-supply.jpg,1
Keep out of reach of parents': Hormone drugs feature disturbing label,https://www.wnd.com/2021/03/keep-reach-parents-hormone-drugs-feature-disturbing-label/?utm_source=twitter&utm_medium&utm_content=2021-03-15,https://www.wnd.com/wp-content/uploads/2021/03/hormone-drugs-keep-out-of-reacho0f-parents-tw.jpg,0
Oakland Privacy and the People of Vallejo Prevail in the Fight For Surveillance Accountability,https://www.activistpost.com/2021/01/oakland-privacy-and-the-people-of-vallejo-prevail-in-the-fight-for-surveillance-accountability.html?utm_source=Twitter&utm_medium=Social&utm_campaign=OneUpApp,https://www.activistpost.com/wp-content/uploads/2021/01/oakland-eff-surveillance.jpg,1
Doctors go for 'fewer lives saved' to impose 'equity' in medicine,https://www.wnd.com/2021/08/doctors-go-fewer-lives-saved-impose-equity-medicine/?utm_source=twitter&utm_medium&utm_content=2021-08-15,https://www.wnd.com/wp-content/uploads/2019/11/cemetery-gravestones-dead-death-pixabay.jpg,1
These Small Yet Vital Things Can Help You Survive the SHTF With Your Sanity Intact,https://www.naturalblaze.com/2021/03/these-small-yet-vital-things-can-help-you-survive-the-shtf-with-your-sanity-intact.html,https://www.naturalblaze.com/wp-content/uploads/2021/03/strife-op.jpg,1
"Poll: 4 in 5 Americans prefer offensive, inaccurate speech over censorship",https://www.wnd.com/2021/06/4922335/?utm_source=twitter&utm_medium&utm_content=2021-06-10,https://www.wnd.com/wp-content/uploads/2021/06/speech-grafitti-pixabay-1.jpg,1
"New N.Y. governor reveals 12,000 additional COVID deaths hidden by Cuomo",https://www.wnd.com/2021/08/new-n-y-governor-reveals-12000-additional-covid-deaths-hidden-cuomo/?utm_source=twitter&utm_medium&utm_content=2021-08-25,https://www.wnd.com/wp-content/uploads/2019/10/empire-state-building-nyc-new-york-city-full-moon-night-sky-pixabay.jpg,1
"WHO gave China veto power over Wuhan flu investigators, report says",https://www.wnd.com/2021/03/gave-china-veto-power-wuhan-flu-investigators-report-says/?utm_source=twitter&utm_medium&utm_content=2021-03-19,https://www.wnd.com/wp-content/uploads/2020/03/coronavirus_made_in_china.jpg,1
The costs of CRT: The equality that Americans have fought for,https://www.wnd.com/2021/08/costs-crt-equality-americans-fought/?utm_source=twitter&utm_medium&utm_content=2021-08-22,https://www.wnd.com/wp-content/uploads/2021/08/bumper-stickers-seether-angry-anger-road-rage-devil-satan-evil-haters-jk.jpeg,1
Trickery: Fake animal 'tragedy' boosted globalist 'Great Reset',https://www.wnd.com/2021/01/4888805/?utm_source=twitter&utm_medium&utm_content=2021-01-31,https://www.wnd.com/wp-content/uploads/2021/01/walrus-netflix.jpg,0
10 Crazy Examples of Unrelated Waste and Partisan Kick-Backs in New “COVID” Bill,https://www.activistpost.com/2021/02/10-crazy-examples-of-unrelated-waste-and-partisan-kick-backs-in-new-covid-bill.html?utm_source=Twitter&utm_medium=Social&utm_campaign=OneUpApp,https://www.activistpost.com/wp-content/uploads/2018/02/wall-street-michael-dantuono.jpg,0
Wuhan lab researcher's wife 'died of COVID-like illness in December 2019',https://www.wnd.com/2021/05/wuhan-lab-researchers-wife-died-covid-like-illness-december-2019/?utm_source=twitter&utm_medium&utm_content=2021-05-30,https://www.wnd.com/wp-content/uploads/2020/05/coronavirus-covid-19-red-background-by0edward-jenner-pexels-copyright-free.jpg,0
Rove: White House injecting partisan politics into door-to-door COVID vax push,https://www.wnd.com/2021/07/rove-white-house-injecting-partisan-politics-covid-vaccinations/?utm_source=twitter&utm_medium&utm_content=2021-07-16,https://www.wnd.com/wp-content/uploads/2021/07/Coronavirus-crisis-Pixabay.jpg,1
Airbnb CEO Warns Travel “Will Never Go Back To Normal”,https://www.activistpost.com/2021/01/airbnb-ceo-warns-travel-will-never-go-back-to-normal.html?utm_source=Twitter&utm_medium=Social&utm_campaign=OneUpApp,https://www.activistpost.com/wp-content/uploads/2021/01/airbnb.jpg,0
"HERE WE GO AGAIN! Expert warns that “tougher tactics” needed to inoculate the population amid COVID spike among unvaccinated, Fauci says children 3 years and older should wear masks",https://endtimeheadlines.org/2021/07/here-we-go-again-expert-warns-that-tougher-tactics-needed-to-inoculate-the-population-amid-covid-spike-among-unvaccinated-fauci-says-children-3-years-and-older-should-wear-masks/,https://endtimeheadlines.org/wp-content/uploads/2021/07/shutterstock_1697873311.jpeg,0
Biden’s $6 Trillion Socialist Budget Will Cause Even More Inflation And Even More Shortages,https://www.activistpost.com/2021/05/bidens-6-trillion-socialist-budget-will-cause-even-more-inflation-and-even-more-shortages.html?utm_source=Twitter&utm_medium=Social&utm_campaign=OneUpApp,https://www.activistpost.com/wp-content/uploads/2021/05/money-inflation-debt-ecb.jpg,0
Don't talk to your neighbors': 1 country reimposes lockdowns after single COVID case,https://www.wnd.com/2021/08/dont-talk-neighbors-1-country-reimposes-lockdowns-single-covid-case/?utm_source=twitter&utm_medium&utm_content=2021-08-17,https://www.wnd.com/wp-content/uploads/2021/01/lockdown-businesses-economy-jobs-columns-unemployment-covid-coronavirus-jk.jpg,1
Gov. Ron DeSantis: 'Florida is open and we've got your back',https://www.wnd.com/2021/02/gov-ron-desantis-florida-open-got-back/?utm_source=twitter&utm_medium&utm_content=2021-02-01,https://www.wnd.com/wp-content/uploads/2021/01/license-plates-florida-gators-Goooo-college-students-jk.jpeg,1
"“New Normal” Tourism: “They’re Watching You, Wherever You Walk”",https://www.activistpost.com/2021/01/new-normal-tourism-theyre-watching-you-wherever-you-walk.html?utm_source=Twitter&utm_medium=Social&utm_campaign=OneUpApp,https://www.activistpost.com/wp-content/uploads/2021/01/tourism-surveillance-tnat.jpg,1
WND is facing an existential threat. How you can help,https://www.wnd.com/2021/07/wnd-facing-existential-threat-can-help/?utm_source=twitter&utm_medium&utm_content=2021-07-14,https://www.wnd.com/wp-content/uploads/2021/05/surveillance-watching-monitoring-radar-sonar-masks-covid-coronavirus-battleships-military-defense-jpg.jpg,1
Media concealing profile of anti-Asian attackers,https://www.wnd.com/2021/05/4913105/?utm_source=twitter&utm_medium&utm_content=2021-05-04,https://www.wnd.com/wp-content/uploads/2021/05/anti-asian-attack.jpg,0
Hong Kong Cops Threaten To “Kick Door Down” For Anybody Who Dosn’t Open For COVID Test,https://www.activistpost.com/2021/02/hong-kong-cops-threaten-to-kick-door-down-for-anybody-who-dosnt-open-for-covid-test.html,https://www.activistpost.com/wp-content/uploads/2021/02/danger.jpg,1
Japan eyes ban on all Olympic spectators to avoid COVID spread,https://www.wnd.com/2021/07/japan-eyes-ban-olympic-spectators-avoid-covid-spread/?utm_source=twitter&utm_medium&utm_content=2021-07-07,https://www.wnd.com/wp-content/uploads/2021/04/stadium-empty-bleachers-seats-lockdown-alone-lonely-soccer-sports-playing-field-pixabay.jpg,0
Listed: 4 hurdles for plan to let Americans injured by COVID sue China,https://www.wnd.com/2021/06/listed-4-hurdles-plan-let-americans-injured-covid-sue-china/?utm_source=twitter&utm_medium&utm_content=2021-06-27,https://www.wnd.com/wp-content/uploads/2021/05/signs-face-masks-required-covid-coronavirus-lockdowns-jk.jpeg,1
Fake news' giants joining Twitter as power censors,https://www.wnd.com/2021/08/fake-news-giants-join-twitter-power-censors/?utm_source=twitter&utm_medium&utm_content=2021-08-03,https://www.wnd.com/wp-content/uploads/2021/07/america-live-it-love-it-get-the-hell-out-tshirt-patriotic-americans-flag-jk.jpg,1
"Over 30,000 US Veterans of Post-9/11 Wars Have Killed Themselves Since 2001",https://www.activistpost.com/2021/06/over-30000-us-veterans-of-post-9-11-wars-have-killed-themselves-since-2001.html?utm_source=Twitter&utm_medium=Social&utm_campaign=OneUpApp,https://www.activistpost.com/wp-content/uploads/2018/09/war.jpg,0
Bloodbath: Al-Qaida urges 'lone wolf' terrorists to exploit U.S. civil unrest,https://www.wnd.com/2021/04/4908679/?utm_source=twitter&utm_medium&utm_content=2021-04-18,https://www.wnd.com/wp-content/uploads/2020/06/floyd-protest-new-york.jpg,1
Palantir Buys Over $50 Million Of Gold Bars: “Preparing For A Future With More Black Swans”,https://www.activistpost.com/2021/08/palantir-buys-over-50-million-of-gold-bars-preparing-for-a-future-with-more-black-swans.html?utm_source=Twitter&utm_medium=Social&utm_campaign=OneUpApp,https://www.activistpost.com/wp-content/uploads/2019/12/gold-bitcoin-1024x662-1.jpg,0
DeMint warns America's decline linked to 'death of truth',https://www.wnd.com/2021/05/demint-warns-americas-decline-linked-death-truth/?utm_source=twitter&utm_medium&utm_content=2021-05-15,https://www.wnd.com/wp-content/uploads/2015/06/truth_lies.jpg,0
More and more restaurants across America is now requiring proof of COVID vaccine,https://endtimeheadlines.org/2021/07/more-and-more-restaurants-across-america-is-now-requiring-proof-of-covid-vaccine/,https://endtimeheadlines.org/wp-content/uploads/2021/07/shutterstock_364151948.jpg,0
Now Americans are signing petition to jail 'anti-vaxxers',https://www.wnd.com/2021/08/now-americans-signing-petition-jail-anti-vaxxers/?utm_source=twitter&utm_medium&utm_content=2021-08-05,https://www.wnd.com/wp-content/uploads/2012/11/121109petition.jpg,0
Senate nearly unanimous in move against 'hate crimes',https://www.wnd.com/2021/04/senate-nearly-unanimous-move-hate-crimes/?utm_source=twitter&utm_medium&utm_content=2021-04-15,https://www.wnd.com/wp-content/uploads/2017/11/Hate-Wiki-Commons.jpg,0
And Now Rents Are Soaring Too,https://www.activistpost.com/2021/05/and-now-rents-are-soaring-too.html?utm_source=Twitter&utm_medium=Social&utm_campaign=OneUpApp,https://www.activistpost.com/wp-content/uploads/2021/04/housing-cost-pix.jpg,1
Tells his members that those who wear masks will be removed,https://endtimeheadlines.org/2021/07/tennessee-pastor-says-im-sick-of-it-tells-his-members-that-those-who-wear-masks-will-be-removed/,https://endtimeheadlines.org/wp-content/uploads/2021/07/shutterstock_1820407358.jpeg,0
Covid: How the West Embraced Central Planning and Abandoned Human Rights,https://www.activistpost.com/2021/08/covid-how-the-west-embraced-central-planning-and-abandoned-human-rights.html?utm_source=Twitter&utm_medium=Social&utm_campaign=OneUpApp,https://www.activistpost.com/wp-content/uploads/2018/11/collectivist-policies-1024x550-1.jpg,1
Underground Fiber Optics Cables Allow People and Cars to Be Tracked. Did You Know?,https://www.activistpost.com/2021/06/underground-fiber-optics-cables-allow-people-and-cars-to-be-tracked-did-you-know.html?utm_source=Twitter&utm_medium=Social&utm_campaign=OneUpApp,https://www.activistpost.com/wp-content/uploads/2021/06/fiber-optic-surveillance-pix.jpg,1
Why U.S. needs to have MORE people working at U.N.,https://www.wnd.com/2021/02/u-s-needs-people-working-u-n/?utm_source=twitter&utm_medium&utm_content=2021-02-27,https://www.wnd.com/wp-content/uploads/2015/10/United-Nations-flags.jpg,1
How elites are leveraging COVID to 'Reset' the world,https://www.wnd.com/2021/01/elites-leveraging-covid-reset-world/?utm_source=twitter&utm_medium&utm_content=2021-01-03,https://www.wnd.com/wp-content/uploads/2020/10/earth_chain.jpg,1
A disaster': Americans drop truth bomb on Kamala Harris,https://www.wnd.com/2021/07/disaster-americans-drop-truth-bomb-kamala-harris/?utm_source=twitter&utm_medium&utm_content=2021-07-19,https://www.wnd.com/wp-content/uploads/2021/06/kamala-harris-masks-covid-coronavirus-behind-curtains.jpg,0
Trump official: Evidence for Wuhan lab error 'far outweighs' other theories,https://www.wnd.com/2021/02/trump-official-evidence-wuhan-lab-error-far-outweighs-theories/?utm_source=twitter&utm_medium&utm_content=2021-02-21,https://www.wnd.com/wp-content/uploads/2021/02/nurses-doctors-face-masks-shield-glasses-medical-healthy-coronavirus-covid-military-defense.jpg,1
Mortgage Companies Cash in on Pandemic Relief,https://www.activistpost.com/2021/06/mortgage-companies-cash-in-on-pandemic-relief.html?utm_source=Twitter&utm_medium=Social&utm_campaign=OneUpApp,https://www.activistpost.com/wp-content/uploads/2020/07/house-key-pixabay-1024x585-1-1024x585-1.jpg,1
"Orlando mayor urges water limits because of Liquid oxygen shortage, Outbreak shuts entire police force in Illinois…",https://endtimeheadlines.org/2021/08/orlando-mayor-urges-water-limits-because-of-liquid-oxygen-shortage-outbreak-shuts-entire-police-force-in-illinois/,https://endtimeheadlines.org/wp-content/uploads/2021/08/shutterstock_101620264.jpeg,0
People going crazy': Home prices hit highest rate of growth ever,https://www.wnd.com/2021/06/people-going-crazy-home-prices-hit-highest-rate-growth-ever/?utm_source=twitter&utm_medium&utm_content=2021-06-29,https://www.wnd.com/wp-content/uploads/2021/03/mansions-houses-homes-palaces-real-estate-wealthy-rich-luxury-florida-palm-trees-jk.jpg,1
The Great Semiconductor Shortage,https://www.activistpost.com/2021/07/the-great-semiconductor-shortage.html?utm_source=Twitter&utm_medium=Social&utm_campaign=OneUpApp,https://www.activistpost.com/wp-content/uploads/2021/07/knot-aier.jpg,1
Cognitive Decline Due to Aging Can Be Reversed in Mice – Here’s What The New Study Means For Humans,https://www.naturalblaze.com/2021/01/cognitive-decline-due-to-aging-can-be-reversed-in-mice-heres-what-the-new-study-means-for-humans.html?utm_source=Twitter&utm_medium=Social&utm_campaign=OneUpApp,https://www.naturalblaze.com/wp-content/uploads/2021/01/cognitive-decline.jpg,0
Portland Police Department says it doesn't track gang activity as gang violence rises,https://www.wnd.com/2021/06/portland-police-department-says-doesnt-track-gang-activity-gang-violence-rises/?utm_source=twitter&utm_medium&utm_content=2021-06-18,https://www.wnd.com/wp-content/uploads/2013/08/130830gangsilhouette.jpg,0
How the Government Used the Pandemic to Crush Small Businesses—and Why: An Interview With Carol Roth,https://www.activistpost.com/2021/07/how-the-government-used-the-pandemic-to-crush-small-businesses-and-why-an-interview-with-carol-roth.html?utm_source=Twitter&utm_medium=Social&utm_campaign=OneUpApp,https://www.activistpost.com/wp-content/uploads/2021/07/out-of-business-fee.jpg,1
Post-COVID prediction: Spike in advanced cancers,https://www.wnd.com/2021/05/post-covid-prediction-spike-advanced-cancers/?utm_source=twitter&utm_medium&utm_content=2021-05-23,https://www.wnd.com/wp-content/uploads/2019/07/cigarettes-smoking-skull-lung-cancer-tobacco-butts-death-disease-sickness-pixabay.jpg,1
10 disasters that has gripped the world in the past few months,https://endtimeheadlines.org/2021/07/10-disasters-that-has-gripped-the-world-in-the-past-few-months/,https://endtimeheadlines.org/wp-content/uploads/2021/07/shutterstock_707126860.jpeg,0
"Viruses, Lockdowns, and Biomic Learning",https://www.naturalblaze.com/2020/11/viruses-lockdowns-and-biomic-learning.html,https://www.naturalblaze.com/wp-content/uploads/2020/11/viruses-lockdown-scaled.jpg,1
Fears of food shortages spread in Britain,https://endtimeheadlines.org/2021/07/fears-of-food-shortages-spread-in-britain/,https://endtimeheadlines.org/wp-content/uploads/2021/07/shutterstock_1672189930.jpeg,0
Kids' health focus turning to unsafe hand sanitizers,https://www.wnd.com/2021/07/kids-health-focus-turning-unsafe-hand-sanitizers/?utm_source=twitter&utm_medium&utm_content=2021-07-29,https://www.wnd.com/wp-content/uploads/2021/07/charity-begging-hands-Pixabay.jpg,0
Gab launches brand-new job board to help unvaccinated Americans,https://www.wnd.com/2021/08/gab-launches-brand-new-job-board-help-unvaccinated-americans/?utm_source=twitter&utm_medium&utm_content=2021-08-24,https://www.wnd.com/wp-content/uploads/2021/08/gab-job-board-no-vax-mandate.jpeg,0
A Bill Has Been Introduced In Congress That Would Ban Tens Of Millions Of Americans From Flying,https://www.activistpost.com/2021/08/a-bill-has-been-introduced-in-congress-that-would-ban-tens-of-millions-of-americans-from-flying.html?utm_source=Twitter&utm_medium=Social&utm_campaign=OneUpApp,https://www.activistpost.com/wp-content/uploads/2020/03/airport-empty.jpg,1
Getting bureaucrats to stop blocking best meds,https://www.wnd.com/2021/06/getting-bureaucrats-stop-blocking-best-meds/?utm_source=twitter&utm_medium&utm_content=2021-06-20,https://www.wnd.com/wp-content/uploads/2020/12/pills-drugs-vitamins-medicine-Pixabay-copyright-free-image.jpg,0
Gym Owner Details Constant Harassment by Canadian COVID Police State,https://www.activistpost.com/2021/04/gym-owner-details-constant-harassment-by-canadian-covid-police-state-16-visits-no-fines.html?utm_source=Twitter&utm_medium=Social&utm_campaign=OneUpApp,https://www.activistpost.com/wp-content/uploads/2021/04/canada-police.jpg,0
"Shock survey: Most economists favor COVID vaccine passports, mandates",https://www.wnd.com/2021/08/shock-survey-economists-favor-covid-vaccine-passports-mandates/?utm_source=twitter&utm_medium&utm_content=2021-08-23,https://www.wnd.com/wp-content/uploads/2020/12/vaccines-pfizer-coronavirus-covid-military-defense-jpg.jpg,1
Children’s Hospitals Grapple With Wave Of Mental Illness,https://www.naturalblaze.com/2021/01/childrens-hospitals-grapple-with-wave-of-mental-illness.html?utm_source=Twitter&utm_medium=Social&utm_campaign=OneUpApp,https://www.naturalblaze.com/wp-content/uploads/2021/01/child-mental-health-zh.jpg,0
WHO defends appointing compromised U.S. scientist to Wuhan investigation,https://www.wnd.com/2021/03/defends-appointing-compromised-u-s-scientist-wuhan-investigation/?utm_source=twitter&utm_medium&utm_content=2021-03-03,https://www.wnd.com/wp-content/uploads/2020/06/blood-testing-science-research-doctors-nurses-healthy-latex-purple-disease-gloves-coronavirus-covid-19-military-defense.jpg,0
Biden budget puts Debt Clock's $50 trillion forecast 'on track',https://www.wnd.com/2021/06/biden-budget-puts-debt-clocks-50-trillion-forecast-track/?utm_source=twitter&utm_medium&utm_content=2021-06-13,https://www.wnd.com/wp-content/uploads/2013/02/national_debt_clock.jpg,1
Redefinition of 'independent contractor' would be 'devastating',https://www.wnd.com/2021/03/redefinition-independent-contractor-devastating/?utm_source=twitter&utm_medium&utm_content=2021-03-13,https://www.wnd.com/wp-content/uploads/2021/03/Freelance-work-job-Pixabay-copyright-free-image.jpg,1
"Judicial Watch Sues for Records of New York, Pennsylvania COVID-19 Nursing Homes Policies",http://jwatch.us/neLAtn,https://www.judicialwatch.org/wp-content/uploads/2021/03/JudicialWatch_Social_PressRelease-Covid_1200x627_v1.jpg,0
NYC orders COVID vaccines or weekly tests for ALL public employees..More EU states requiring proof of vaccine to enter public places,https://endtimeheadlines.org/2021/07/nyc-orders-covid-vaccines-or-weekly-tests-for-all-public-employees-more-eu-states-requiring-proof-of-vaccine-to-enter-public-places/,https://endtimeheadlines.org/wp-content/uploads/2021/07/shutterstock_1699211866.jpeg,0
Facebook admits 185 million cases of censorship on their platform and the Biden administration says it’s not enough,https://endtimeheadlines.org/2021/07/facebook-admits-185-million-cases-of-censorship-on-their-platform-and-the-biden-administration-says-its-not-enough/,https://endtimeheadlines.org/wp-content/uploads/2021/07/shutterstock_1890672196.jpeg,0
The “Great Reset” is about Expanding Government Power and Suppressing Liberty,https://www.activistpost.com/2021/01/the-great-reset-is-about-expanding-government-power-and-suppressing-liberty.html,https://www.activistpost.com/wp-content/uploads/2020/10/great-reset-john-bush.jpg,0
“This Is Wealth Redistribution”: Blackrock And Other Institutional Investors Buying Entire Neighborhoods At Huge Premiums,https://www.activistpost.com/2021/06/this-is-wealth-redistribution-blackrock-and-other-institutional-investors-buying-entire-neighborhoods-at-huge-premiums.html?utm_source=Twitter&utm_medium=Social&utm_campaign=OneUpApp,https://www.activistpost.com/wp-content/uploads/2020/04/housing-pix-1024x581-1.jpg,0
Watch: Police unleash vicious weapon on anti-vaccine protesters,https://www.wnd.com/2021/08/watch-police-unleash-vicious-weapon-anti-vaccine-protesters/?utm_source=twitter&utm_medium&utm_content=2021-08-30,https://www.wnd.com/wp-content/uploads/2021/08/police-dogs-anti-vaccine-protesters-london-jpg.jpg,0
Why So Many Americans Reject Legal Due Process in the Age of Covid,https://www.activistpost.com/2021/08/why-so-many-americans-reject-legal-due-process-in-the-age-of-covid.html?utm_source=Twitter&utm_medium=Social&utm_campaign=OneUpApp,https://www.activistpost.com/wp-content/uploads/2018/04/Michigans-Systematic-Inquisition-of-Parents-Over-Religious-Objection-to-Vaccines-Leads-to-Federal-Lawsuit-by-Thomas-More-Law-Center.jpg,1
Here is a growing list of companies requiring COVID-19 vaccines for their employees,https://endtimeheadlines.org/2021/07/here-is-a-growing-list-of-companies-requiring-covid-19-vaccines-for-their-employees/,https://endtimeheadlines.org/wp-content/uploads/2021/07/shutterstock_1956671014.jpeg,0
LA Times says It’s time to get tough on COVID vaccine “evaders”,https://endtimeheadlines.org/2021/07/la-times-says-its-time-to-get-tough-on-covid-vaccine-evaders/,https://endtimeheadlines.org/wp-content/uploads/2021/07/shutterstock_1620547039.jpeg,0
Officials Use COVID To Create Statewide Vehicle Surveillance Programs Run By Rekor Systems,https://www.activistpost.com/2021/04/officials-use-covid-to-create-statewide-vehicle-surveillance-programs-run-by-rekor-systems.html?utm_source=Twitter&utm_medium=Social&utm_campaign=OneUpApp,https://www.activistpost.com/wp-content/uploads/2021/01/smart-city-surveillance-1024x590-1-1024x590-777x437-1.jpg,1
"COVID-19, Digital Rights and Nigeria’s Emerging Surveillance State",https://www.activistpost.com/2021/01/covid-19-digital-rights-and-nigerias-emerging-surveillance-state.html?utm_source=Twitter&utm_medium=Social&utm_campaign=OneUpApp,https://www.activistpost.com/wp-content/uploads/2021/01/digital-rights.jpg,0
Redefining words to serve the Biden administration's purpose,https://www.wnd.com/2021/04/redefining-words-serve-biden-administrations-purpose/?utm_source=twitter&utm_medium&utm_content=2021-04-17,https://www.wnd.com/wp-content/uploads/2021/04/dictionary-definition-propaganda-Pixabay.jpg,0
Hitting back at the CONs that harm healthcare,https://www.wnd.com/2021/08/hitting-back-cons-harm-healthcare/?utm_source=twitter&utm_medium&utm_content=2021-08-21,https://www.wnd.com/wp-content/uploads/2019/05/emergency_room.jpg,0
“Mom And Pop” Landlords Dying On The Vine As Un-Evictable Tenants Enjoy Pandemic Protections,https://www.activistpost.com/2021/04/mom-and-pop-landlords-dying-on-the-vine-as-un-evictable-tenants-enjoy-pandemic-protections.html?utm_source=Twitter&utm_medium=Social&utm_campaign=OneUpApp,https://www.activistpost.com/wp-content/uploads/2020/04/housing-pix.jpg,1
U.S. suffers largest rise in poverty rate in 50 years amid pandemic,https://www.wnd.com/2021/01/u-s-suffers-largest-rise-poverty-rate-50-years-amid-pandemic/?utm_source=twitter&utm_medium&utm_content=2021-01-26,https://www.wnd.com/wp-content/uploads/2020/04/economy-uncle-sam-dead-americans-coronavirus-reopen-protest-by-joe-kovacs.jpeg,1
Hallway war: Rep. Greene posts 'Trust The Science' on office door,https://www.wnd.com/2021/02/hallway-war-rep-greene-posts-trust-science-office-door/?utm_source=twitter&utm_medium&utm_content=2021-02-25,https://www.wnd.com/wp-content/uploads/2013/08/transgender_restroom.jpg,0
State Supreme Court to decide how far executive power goes,https://www.wnd.com/2021/04/state-supreme-court-decide-far-executive-power-goes/?utm_source=twitter&utm_medium&utm_content=2021-04-18,https://www.wnd.com/wp-content/uploads/2021/04/license-plates-florida-who-sez-says-funny-questions-defiant-world-health-organization-covid-coronavirus-jk.jpeg,1
"China confirms human case of bird flu, but says 'risk of transmission is low'",https://www.wnd.com/2021/06/china-confirms-human-case-bird-flu-says-risk-transmission-low/?utm_source=twitter&utm_medium&utm_content=2021-06-01,https://www.wnd.com/wp-content/uploads/2014/08/bird-flu_virus.jpg,1
Stunner! Covid patient No. 1 may have been Wuhan lab worker infected by a bat,https://www.wnd.com/2021/08/stunner-covid-patient-no-1-may-wuhan-worker-infected-bat/?utm_source=twitter&utm_medium&utm_content=2021-08-12,https://www.wnd.com/wp-content/uploads/2021/08/hanging-bat-Pixabay.jpg,1
"Amid Soaring Food Prices, Vietnam And China Buy Indian Rice For First Time In Decades",https://www.activistpost.com/2021/01/amid-soaring-food-prices-vietnam-and-china-buy-indian-rice-for-first-time-in-decades.html?utm_source=Twitter&utm_medium=Social&utm_campaign=OneUpApp,https://www.activistpost.com/wp-content/uploads/2021/01/indian-rice-pix.jpg,0
Element' of intel community favors COVID lab-leak theory,https://www.wnd.com/2021/08/element-intelligence-community-believes-covid-leaked-wuhan-lab-bidens-90-day-review-shows-security-personnel-stand-guard-outside-wuhan-institute-virology-wuhan/?utm_source=twitter&utm_medium&utm_content=2021-08-27,https://www.wnd.com/wp-content/uploads/2021/05/Wuhan_Institute_of_Virology_main_entrance.jpg,0
"Homeless activists take over hotel with hatchets, knives",https://www.wnd.com/2021/02/4889339/?utm_source=twitter&utm_medium&utm_content=2021-02-01,https://www.wnd.com/wp-content/uploads/2021/02/olympia-homeless-red-lion.jpg,0
Why Biden administration got 'seasonal migration' claims so wrong,https://www.wnd.com/2021/07/biden-administration-got-seasonal-migration-claims-wrong/?utm_source=twitter&utm_medium&utm_content=2021-07-30,https://www.wnd.com/wp-content/uploads/2018/10/migrant-caravan-mexico-2018-Fox-Business-600-jpg.jpg,0
August Will Be A Real Turning Point – Welcome To The Biggest Eviction Horror Show In U.S. History,https://www.activistpost.com/2021/08/august-will-be-a-real-turning-point-welcome-to-the-biggest-eviction-horror-show-in-u-s-history.html?utm_source=Twitter&utm_medium=Social&utm_campaign=OneUpApp,https://www.activistpost.com/wp-content/uploads/2020/07/eviction-tmu-1024x578-1.jpg,0
Tables turned: Team Biden insists it's 'NOT kids in cages',https://www.wnd.com/2021/02/tables-turned-team-biden-insists-not-kids-cages/?utm_source=twitter&utm_medium&utm_content=2021-02-23,https://www.wnd.com/wp-content/uploads/2019/07/obama-children-migrant-cages.jpg,0
Health insurers pushing for people to self-diagnose?,https://www.wnd.com/2021/07/health-insurers-pushing-people-self-diagnose/?utm_source=twitter&utm_medium&utm_content=2021-07-11,https://www.wnd.com/wp-content/uploads/2021/01/snake-serpent-pole-medical-ambulance-healing-moses-hospital-healthy-emergency-doctors-nurses-jk.jpeg,1
New curriculum mandates teaching atheism in public schools,https://www.wnd.com/2021/03/new-curriculum-mandates-teaching-atheism-public-schools/?utm_source=twitter&utm_medium&utm_content=2021-03-20,https://www.wnd.com/wp-content/uploads/2016/05/atheism.jpg,0
Moderna's COVID vaccine causing bizarre side effects,https://www.wnd.com/2021/02/modernas-covid-vaccine-causing-bizarre-side-effects/?utm_source=twitter&utm_medium&utm_content=2021-02-03,https://www.wnd.com/wp-content/uploads/2021/02/rash-vaccine-moderna-covid-coronavirus-side-effects-jpg.jpg,0
"Voluntary phase is over' on vaccines, says mayor",https://www.wnd.com/2021/07/voluntary-phase-vaccines-says-mayor/?utm_source=twitter&utm_medium&utm_content=2021-07-28,https://www.wnd.com/wp-content/uploads/2021/01/vaccine-covid-coronavirus-glove-military-defense.jpg,1
Pharmacist learns fate for trying to ruin hundreds of COVID vaccines,https://www.wnd.com/2021/06/pharmacist-learns-fate-trying-ruin-hundreds-doses-covid-vaccine/?utm_source=twitter&utm_medium&utm_content=2021-06-09,https://www.wnd.com/wp-content/uploads/2020/12/moderna-vaccine-covid-coronavirus-military-defense.jpg,0
Revealed: Left's idea that government power is 'essentially limitless',https://www.wnd.com/2021/08/revealed-lefts-idea-government-power-essentially-limitless/?utm_source=twitter&utm_medium&utm_content=2021-08-28,https://www.wnd.com/wp-content/uploads/2013/02/flag_barbed_wire.jpg,1
No Money? 9 Ways to Prep for FREE (or Almost Free),https://www.naturalblaze.com/2021/01/no-money-9-ways-to-prep-for-free-or-almost-free.html?utm_source=Twitter&utm_medium=Social&utm_campaign=OneUpApp,https://www.naturalblaze.com/wp-content/uploads/2021/01/frugal-prepper.jpg,1
ABC News correspondent: 'Shun' people who refuse to get COVID-19 vaccine,https://www.wnd.com/2021/05/abc-news-correspondent-shun-people-refuse-get-covid-19-vaccine/?utm_source=twitter&utm_medium&utm_content=2021-05-04,https://www.wnd.com/wp-content/uploads/2019/09/abc_news.jpg,1
Understanding the Dangers of Innovation Zones and Smart Cities,https://www.activistpost.com/2021/02/understanding-the-dangers-of-innovation-zones-and-smart-cities.html,https://www.activistpost.com/wp-content/uploads/2021/02/smart-cities-tlav.jpg,0
Kids’ Apps That Don’t Comply with Data Collecting Regulations Make Targeted Advertising Easy,https://www.activistpost.com/2021/06/kids-apps-that-dont-comply-with-data-collecting-regulations-make-targeted-advertising-easy.html?utm_source=Twitter&utm_medium=Social&utm_campaign=OneUpApp,https://www.activistpost.com/wp-content/uploads/2021/06/Toddlers-Laps-More-than-apps.jpg,0
"New jobs miss expectations, unemployment up in April",https://www.wnd.com/2021/05/new-jobs-miss-expectations-unemployment-april/?utm_source=twitter&utm_medium&utm_content=2021-05-07,https://www.wnd.com/wp-content/uploads/2019/04/handshake-business-economy-deal-agreement-economy-hiring-employment-jobs-pixabay.jpg,1
"Segregation returns! Unvaxxed students threatened, harassed",https://www.wnd.com/2021/07/segregation-returns-unvaxxed-students-threatened-harassed/?utm_source=twitter&utm_medium&utm_content=2021-07-22,https://www.wnd.com/wp-content/uploads/2021/01/vaccine-vaccination-medicine-doctor-Pixabay-copyright-free-image.jpg,1
"Pfizer Jab Receives Full Approval From FDA, Pentagon Mandates Vaccinations For All Troops",https://www.naturalblaze.com/2021/08/pfizer-jab-receives-full-approval-from-fda-pentagon-mandates-vaccinations-for-all-troops.html?utm_source=Twitter&utm_medium=Social&utm_campaign=OneUpApp,https://www.naturalblaze.com/wp-content/uploads/2021/08/pfizer-vax-zh.jpg,1
Should The Public Be Paid To Take a COVID19 Vaccine?,https://www.naturalblaze.com/2020/11/should-the-public-be-paid-to-take-a-covid19-vaccine.html,https://www.naturalblaze.com/wp-content/uploads/2020/05/vaccine-money-ead.jpg,0
Government bans removing masks to drink alcohol outside,https://www.wnd.com/2021/08/australian-state-bans-removing-masks-drink-alcohol-outside/?utm_source=twitter&utm_medium&utm_content=2021-08-17,https://www.wnd.com/wp-content/uploads/2019/12/wine-alcohol-booze-grapes-glasses-food-drinks-drinking-pixabay-jpg.jpg,0
How “Big Food” Influences Public Health Policy to the Detriment of Public Health,https://www.activistpost.com/2021/01/how-big-food-influences-public-health-policy-to-the-detriment-of-public-health.html?utm_source=Twitter&utm_medium=Social&utm_campaign=OneUpApp,https://www.activistpost.com/wp-content/uploads/2021/01/supermarket.jpg,0
The institute that is plotting the collapse of Western civilization,https://www.wnd.com/2021/07/institute-plotting-collapse-western-civilization/?utm_source=twitter&utm_medium&utm_content=2021-07-31,https://www.wnd.com/wp-content/uploads/2021/07/Statue-of-Liberty-Pixabay.jpg,1
"Study finds CDC inflated COVID numbers by 1,600%",https://www.wnd.com/2021/02/study-finds-cdc-inflated-covid-numbers-1600/?utm_source=twitter&utm_medium&utm_content=2021-02-10,https://www.wnd.com/wp-content/uploads/2020/05/coronavirus-covid-19-blood-military-defense.jpg,1
Extreme drought in Northern Mexico has killed tens of thousands of cattle,https://endtimeheadlines.org/2021/08/extreme-drought-in-northern-mexico-has-killed-tens-of-thousands-of-cattle/,https://endtimeheadlines.org/wp-content/uploads/2021/08/shutterstock_1647356764.jpeg,1
Stunner! Expert says 'FDA-approved' Pfizer shot is NOT what people have been getting,https://www.wnd.com/2021/08/stunner-expert-says-fda-approved-pfizer-shot-not-people-getting/?utm_source=twitter&utm_medium&utm_content=2021-08-25,https://www.wnd.com/wp-content/uploads/2021/03/vaccines-closeucoronavirus-covid-military-defense.jpg,1
EFF to First Circuit: Schools Should Not Be Policing Students’ Weekend Snapchat Posts,https://www.activistpost.com/2021/02/eff-to-first-circuit-schools-should-not-be-policing-students-weekend-snapchat-posts.html,https://www.activistpost.com/wp-content/uploads/2020/12/student-surveillance-eff.jpg,1
State House passes bill curbing governor's emergency powers,https://www.wnd.com/2021/04/state-house-passes-bill-curbing-governors-emergency-powers/?utm_source=twitter&utm_medium&utm_content=2021-04-09,https://www.wnd.com/wp-content/uploads/2021/04/live-free-or-die-new-hampshire-license-plate.jpg,1
Lesson from pandemic: More regulatory flexibility improves health care,https://www.wnd.com/2021/07/lesson-pandemic-regulatory-flexibility-improves-health-care/?utm_source=twitter&utm_medium&utm_content=2021-07-11,https://www.wnd.com/wp-content/uploads/2019/10/x-ray-xray-arthritis-doctors-hospital-joints-knees-bones-healthy-standing-injured-hurt-pain-pixabay.jpg,1
Franklin Graham: I fear 'that the swamp has won',https://www.wnd.com/2021/04/franklin-graham-fear-swamp-won/?utm_source=twitter&utm_medium&utm_content=2021-04-30,https://www.wnd.com/wp-content/uploads/2018/02/american-flag-marble-GettyImages-801864684-600.jpg,1
Here’s How to Prep for 2021,https://www.naturalblaze.com/2021/01/heres-how-to-prep-for-2021.html?utm_source=Twitter&utm_medium=Social&utm_campaign=OneUpApp,https://www.naturalblaze.com/wp-content/uploads/2021/01/prep-2021.jpg,1
Top California Democrat endorses Republican Larry Elder,https://www.wnd.com/2021/08/top-california-democrat-endorses-republican-larry-elder/?utm_source=twitter&utm_medium&utm_content=2021-08-25,https://www.wnd.com/wp-content/uploads/2020/10/california-north-carolina-license-plates-americans-jk.jpeg,1
Trump asks: 'Who or what will Joe Biden surrender to next?',https://www.wnd.com/2021/08/trump-time-joe-biden-resign-disgrace/?utm_source=twitter&utm_medium&utm_content=2021-08-16,https://www.wnd.com/wp-content/uploads/2021/01/donald-trump-air-force-one-darkness.jpg,1
What Is Biden Hiding?,http://jwatch.us/kj8n4T,https://www.judicialwatch.org/wp-content/uploads/2021/02/judicial_social_jwtipsheet-reopen_1024x512_v1.jpg,0
New International Travel Advisory Puts Airlines’ Hopes For Summer Rebound At Risk,https://www.activistpost.com/2021/04/new-international-travel-advisory-puts-airlines-hopes-for-summer-rebound-at-risk.html?utm_source=Twitter&utm_medium=Social&utm_campaign=OneUpApp,https://www.activistpost.com/wp-content/uploads/2020/03/airport-empty-1024x590-1.jpg,0
“Smart” Office Chair Cushions That Track Employee Health and Activity Aren’t Popular Among Employees,https://www.activistpost.com/2021/01/smart-office-chair-cushions-that-track-employee-health-and-activity-arent-popular-among-employees.html?utm_source=Twitter&utm_medium=Social&utm_campaign=OneUpApp,https://www.activistpost.com/wp-content/uploads/2021/01/business-man-pix.jpg,0
Are digital health passports a “Trojan Horse” for a coming cashless society?,https://endtimeheadlines.org/2021/08/are-digital-health-passports-a-trojan-horse-for-a-coming-cashless-society/,https://endtimeheadlines.org/wp-content/uploads/2021/08/shutterstock_1154536387.jpeg,0
Former elections clerk: Zuckerberg activists took control of 2020 race,https://www.wnd.com/2021/06/former-elections-clerk-zuckerberg-activists-took-control-2020-race/?utm_source=twitter&utm_medium&utm_content=2021-06-23,https://www.wnd.com/wp-content/uploads/2021/05/ballots-drop-voting-voters-votes-elections-jk-full-jpg.jpg,0
Fifteen Signs You’re in an Abusive Relationship with the Government,https://countermarkets.com/fifteen-signs-youre-in-an-abusive-relationship-with-the-government/?utm_source=Twitter&utm_medium=Social&utm_campaign=OneUpApp,https://countermarkets.com/wp-content/uploads/2020/12/statism.jpg,0
Racial and Immigrant Justice Groups Sue Government for Records of COVID-19 Data Surveillance,https://www.activistpost.com/2021/02/racial-and-immigrant-justice-groups-sue-government-for-records-of-covid-19-data-surveillance.html,https://www.activistpost.com/wp-content/uploads/2021/01/spiro-covid-loading-scaled-1.jpg,1
U.S. Chamber of Commerce warns worker shortage getting worse,https://www.wnd.com/2021/06/u-s-chamber-commerce-warns-worker-shortage-getting-worse/?utm_source=twitter&utm_medium&utm_content=2021-06-01,https://www.wnd.com/wp-content/uploads/2020/06/jobs-economy-manufacturing-welding-metal-face-shield-military-defense.jpg,1
"Lockdowns cause 10 times more harm than good, says peer-reviewed study",https://www.wnd.com/2021/01/lockdowns-cause-10-times-harm-good-says-peer-reviewed-study/?utm_source=twitter&utm_medium&utm_content=2021-01-17,https://www.wnd.com/wp-content/uploads/2021/01/restaurant-tables-chairs-empty-lockdown-coronavirus-covid-cafe-breakfast-lunch-dinner-pixabay.jpg,0
Doctor accused of sacrificing animals in his apartment for ‘Santeria’ witchcraft,https://endtimeheadlines.org/2021/08/doctor-accused-of-sacrificing-animals-in-his-apartment-for-santeria-witchcraft/,https://endtimeheadlines.org/wp-content/uploads/2021/08/shutterstock_449993101.jpeg,0
What Rental Hyperinflation Looks Like: “Soaring Prices. Competition. Desperation.”,https://www.activistpost.com/2021/08/what-rental-hyperinflation-looks-like-soaring-prices-competition-desperation.html?utm_source=Twitter&utm_medium=Social&utm_campaign=OneUpApp,https://www.activistpost.com/wp-content/uploads/2016/04/housing_bubble.jpg,0
Infrastructure 'paid for' with borrowed money,https://www.wnd.com/2021/08/infrastructure-paid-borrowed-money/?utm_source=twitter&utm_medium&utm_content=2021-08-15,https://www.wnd.com/wp-content/uploads/2020/05/capitol-congress-americans-politics-government-freedom-pixabay-jpg.jpg,1
Lockdown Study Finds Undiagnosed Mental Health Crisis Among New Mothers,https://www.naturalblaze.com/2021/02/lockdown-study-finds-undiagnosed-mental-health-crisis-among-new-mothers.html?utm_source=Twitter&utm_medium=Social&utm_campaign=OneUpApp,https://www.naturalblaze.com/wp-content/uploads/2021/02/mother-depressed-pix.jpg,1
"The Chicago Mayor, Wuhan & Much More",http://jwatch.us/kpmiWx,https://www.judicialwatch.org/wp-content/uploads/2021/06/Judicial_Social_JWTipsheet-Chicago_1200x627_v1.jpg,1
WHO chief: Investigate Wuhan lab-leak theory,https://www.wnd.com/2021/03/4904369/?utm_source=twitter&utm_medium&utm_content=2021-03-31,https://www.wnd.com/wp-content/uploads/2020/01/wuhan-china-bridge-pixabay-mystery-virus-quarantine.jpg,1
"CDC reverses indoor mask policy, says fully vaccinated people should wear masks indoors in Covid hot spots",https://endtimeheadlines.org/2021/07/cdc-reverses-indoor-mask-policy-says-fully-vaccinated-people-should-wear-masks-indoors-in-covid-hot-spots/,https://endtimeheadlines.org/wp-content/uploads/2021/07/shutterstock_1722378586.jpeg,0
How TSA explains allowing illegal immigrants to fly with you,https://www.wnd.com/2021/05/tsa-explains-allowing-illegal-immigrants-fly/?utm_source=twitter&utm_medium&utm_content=2021-05-05,https://www.wnd.com/wp-content/uploads/2014/12/airlines-airplane-flying-600.jpg,0
Kupelian explores WND's 'STOLEN ELECTION' report on popular TV show,https://www.wnd.com/2021/08/kupelian-explores-wnds-stolen-election-report-popular-tv-show/?utm_source=twitter&utm_medium&utm_content=2021-08-15,https://www.wnd.com/wp-content/uploads/2020/10/two-term-trump-sign-voting-2020-peace-flag.jpg,1
Democratic senator on hot mic confessing plan to bypass GOP again,https://www.wnd.com/2021/03/democratic-senator-hot-mic-confessing-plan-bypass-gop/?utm_source=twitter&utm_medium&utm_content=2021-03-16,https://www.wnd.com/wp-content/uploads/2019/09/sky-CAPITOL-sunset-washington-dc-congress-americans-patriotic-laws-lawmakers-legislative-house-senate-pixabay.jpg,0
Biden considers requiring troops to get COVID shot,https://www.wnd.com/2021/04/4912201/?utm_source=twitter&utm_medium&utm_content=2021-04-30,https://www.wnd.com/wp-content/uploads/2020/07/flag-sailors-coronavirus-face-masks-uniform-patriotic-patriotism-americans-sky-military-defense.jpg,1
Former DHS official says Republican Party is a greater threat to National Security than Al Qaeda or ISIS,https://endtimeheadlines.org/2021/07/former-dhs-official-says-republican-party-is-a-greater-threat-to-national-security-than-al-qaeda-or-isis/,https://endtimeheadlines.org/wp-content/uploads/2021/07/shutterstock_1484398139.jpeg,0
Has Cuba's socialism reached the point that will break the country?,https://www.wnd.com/2021/07/cubas-socialism-reached-point-will-break-country/?utm_source=twitter&utm_medium&utm_content=2021-07-13,https://www.wnd.com/wp-content/uploads/2021/07/Cuba-The-Castle-by-the-Sea-El-Morro-Havana-Cuba.jpg,1
Toyota yanks all Olympic TV ads amid COVID frustration,https://www.wnd.com/2021/07/toyota-yanks-olympic-tv-ads-amid-covid-frustration/?utm_source=twitter&utm_medium&utm_content=2021-07-19,https://www.wnd.com/wp-content/uploads/2021/03/high-jumper-bar-woman-women-girl-female-athletes-athletic-olympics-track-field-hair-nike-americans-healthy-exercise-military-defense.jpg,1
"Former staffer sues congressman, claiming 'reckless' response to COVID",https://www.wnd.com/2021/05/former-staffer-sues-congressman-claiming-reckless-response-covid/?utm_source=twitter&utm_medium&utm_content=2021-05-14,https://www.wnd.com/wp-content/uploads/2012/01/gavel.jpg,0
More Than 40 Organizations Call on Biden Administration Abandon “Virtual Wall” Immigration Bill,https://www.activistpost.com/2021/03/more-than-40-organizations-call-on-biden-administration-abandon-virtual-wall-immigration-bill.html,https://www.activistpost.com/wp-content/uploads/2021/03/biden-tlav.jpg,1
Microsoft Wants to Reanimate You as a “Conversational” Chatbot After You Die,https://www.activistpost.com/2021/01/microsoft-wants-to-reanimate-you-as-a-conversational-chatbot-after-you-die.html?utm_source=Twitter&utm_medium=Social&utm_campaign=OneUpApp,https://www.activistpost.com/wp-content/uploads/2019/07/artificial-intelligence-3048957_1280-1024x575-1-1024x575-1024x575-1024x575.jpg,1
"Worst sandstorm in 10 years darkens China, hundreds of flights canceled",https://www.wnd.com/2021/03/worst-sandstorm-10-years-darkens-china-hundreds-flights-canceled/?utm_source=twitter&utm_medium&utm_content=2021-03-15,https://www.wnd.com/wp-content/uploads/2021/03/sandstorm-duststorm-china-ap-video-jpg.jpg,0
Marine economy described as key to American recovery from pandemic,https://www.wnd.com/2021/03/marine-economy-described-key-american-recovery-pandemic/?utm_source=twitter&utm_medium&utm_content=2021-03-21,https://www.wnd.com/wp-content/uploads/2021/03/boats-boating-flag-river-marine-florida-vacationing-jk.jpg,1
Political parties warned that Gen Z is still 'up for grabs',https://www.wnd.com/2021/08/parties-warned-gen-z-still-grabs/?utm_source=twitter&utm_medium&utm_content=2021-08-28,https://www.wnd.com/wp-content/uploads/2020/11/Students-college-diversity-interracial-Pixabay-copyright-free-image.jpg,0
FTC Lawsuit Alleges that Frontier Knowingly Sold Internet Speeds It Can’t Deliver to 30% of Customers,https://www.activistpost.com/2021/05/ftc-lawsuit-alleges-that-frontier-knowingly-sold-internet-speeds-it-cant-deliver-to-30-of-customers.html?utm_source=Twitter&utm_medium=Social&utm_campaign=OneUpApp,https://www.activistpost.com/wp-content/uploads/2021/05/fraud-alert-pix.jpg,1
"Report from Washington says new unemployment claims hit 348,000",https://www.wnd.com/2021/08/report-washington-says-new-unemployment-claims-hit-348000/?utm_source=twitter&utm_medium&utm_content=2021-08-19,https://www.wnd.com/wp-content/uploads/2021/04/capitol-congress-house-senate-night-jpg.jpg,0
Actually contrary to all rules of science': Watch doctor destroy CDC's messaging,https://www.wnd.com/2021/08/actually-contrary-rules-science-watch-doctor-destroy-cdcs-messaging/?utm_source=twitter&utm_medium&utm_content=2021-08-10,https://www.wnd.com/wp-content/uploads/2020/05/coronavirus-pandemic-covid-19-pexels.jpg,1
GOP senators to Biden: End Iran talks while it funds Hamas terrorism,https://www.wnd.com/2021/05/gop-senators-biden-end-iran-talks-funds-hamas-terrorism/?utm_source=twitter&utm_medium&utm_content=2021-05-13,https://www.wnd.com/wp-content/uploads/2018/12/pixabay-iran-flag.jpg,0
Bartering: Could You Live Without Money?,https://www.naturalblaze.com/2021/07/bartering-could-you-live-without-money.html?utm_source=Twitter&utm_medium=Social&utm_campaign=OneUpApp,https://www.naturalblaze.com/wp-content/uploads/2021/07/bartering-op.jpg,0
Social Security’s Insolvency Is Bigger Than Climate Change And COVID-19 Combined,https://www.activistpost.com/2021/08/social-securitys-insolvency-is-bigger-than-climate-change-and-covid-19-combined.html?utm_source=Twitter&utm_medium=Social&utm_campaign=OneUpApp,https://www.activistpost.com/wp-content/uploads/2017/01/pension_collapse.jpg,1
Americans' Confidence in Major U.S. Institutions Dips,https://news.gallup.com/poll/352316/americans-confidence-major-institutions-dips.aspx,http://content.gallup.com/origin/gallupinc/GallupSpaces/Production/Cms/POLL/nd43vxjviu29lfal7ut3sa.jpg,0
Labor Department reports unemployment falls to 5.4%,https://www.wnd.com/2021/08/labor-department-reports-unemployment-falls-5-4/?utm_source=twitter&utm_medium&utm_content=2021-08-06,https://www.wnd.com/wp-content/uploads/2014/12/now_hiring.jpg,1
"Capitol Police Hide January 6 Disturbance Videos, Biden to Send $3.3 Billion to Afghanistan, and more!",http://jwatch.us/25sTM3,https://www.judicialwatch.org/wp-content/uploads/2021/08/Judicial_Social_JWTipsheet-Lori_1200x627_v1.jpg,1
It’s Far Too Easy For Abusers To Exploit Smart Toys And Trackers,https://www.activistpost.com/2021/06/its-far-too-easy-for-abusers-to-exploit-smart-toys-and-trackers.html?utm_source=Twitter&utm_medium=Social&utm_campaign=OneUpApp,https://www.activistpost.com/wp-content/uploads/2021/06/activity-tracker-conversation.jpg,0
Big Court Victory: Fed Lawsuit to Clean Dirty Elections Rolls Moves Forward; Cover-up: Biden’s Dog Bites of Secret Service; Fauci Agency/Bill Gates/China Wuhan Emails,http://jwatch.us/Kiw3t4,https://www.judicialwatch.org/wp-content/uploads/2021/08/Judicial_Social_JWTipsheet-Colorado_1200x627_v1.1.jpg,1
Virus fear mongering sends stock market in tailspin,https://endtimeheadlines.org/2021/07/virus-fear-mongering-sends-stock-market-in-tailspin/,https://endtimeheadlines.org/wp-content/uploads/2021/07/shutterstock_1707677488.jpeg,0
Sen. Inhofe warns Biden defense spending falling behind,https://www.wnd.com/2021/05/sen-inhofe-warns-biden-defense-spending-falling-behind/?utm_source=twitter&utm_medium&utm_content=2021-05-08,https://www.wnd.com/wp-content/uploads/2021/04/speed-warplanes-afterburners-aircraft-carriers-takeoff-military-defense.jpg,0
Copyright fight looms large over 2020's medical advances,https://www.wnd.com/2021/02/copyright-fight-looms-large-2020s-medical-advances/?utm_source=twitter&utm_medium&utm_content=2021-02-06,https://www.wnd.com/wp-content/uploads/2015/10/dna.jpg,1
Germany Poised To Cut International Air Travel “To Almost Zero” On Virus Variant Fears,https://www.activistpost.com/2021/01/germany-poised-to-cut-international-air-travel-to-almost-zero-on-virus-variant-fears.html?utm_source=Twitter&utm_medium=Social&utm_campaign=OneUpApp,https://www.activistpost.com/wp-content/uploads/2021/01/german-airport-pix.jpg,0
LISTED: 5 'never before never again' events of 2020,https://www.wnd.com/2021/01/listed-5-never-never-events-2020/?utm_source=twitter&utm_medium&utm_content=2021-01-01,https://www.wnd.com/wp-content/uploads/2021/01/2020-3-Pixabay-copyright-free-image.jpg,0
THE SEQUEL: Face mask mandates are returning across the Nation.,https://endtimeheadlines.org/2021/07/the-sequel-face-mask-mandates-are-returning-across-the-nation/,https://endtimeheadlines.org/wp-content/uploads/2021/07/9FAEFC6C-1AD9-4D6C-9716-2EA87BCBF4CB.jpeg,0
"FDA Approved Heart Pumps Despite Manufacturing and Quality Problems; 3,000 Death Reports, 20,000 Injury Reports Filed",https://www.activistpost.com/2021/08/fda-approved-heart-pumps-despite-manufacturing-and-quality-problems-3000-death-reports-20000-injury-reports-filed.html?utm_source=Twitter&utm_medium=Social&utm_campaign=OneUpApp,https://www.activistpost.com/wp-content/uploads/2021/08/steth-pix.jpg,0
Fewer people filing for unemployment where fed bonus is dropped,https://www.wnd.com/2021/07/fewer-people-filing-unemployment-fed-bonus-dropped/?utm_source=twitter&utm_medium&utm_content=2021-07-19,https://www.wnd.com/wp-content/uploads/2019/11/dark-money-currency-dollars-cash-tree-pixabay.jpg,1
$60 Billion U.S. Tax Dollars Swindled by Biofuel Scam Artists is “most significant series of frauds on the environment ever prosecuted.”,https://www.activistpost.com/2021/05/60-billion-u-s-tax-dollars-swindled-by-biofuel-scam-artists-is-most-significant-series-of-frauds-on-the-environment-ever-prosecuted.html?utm_source=Twitter&utm_medium=Social&utm_campaign=OneUpApp,https://www.activistpost.com/wp-content/uploads/2021/05/biofuel-station.jpg,1
Supreme Court asked to rule schools can't govern off-campus messages,https://www.wnd.com/2021/04/supreme-court-asked-rule-schools-cant-govern-off-campus-messages/?utm_source=twitter&utm_medium&utm_content=2021-04-03,https://www.wnd.com/wp-content/uploads/2012/01/constitution.jpg,1
"U.S. Senators Urge FCC to Include State, Local, and Tribal Input on Broadband Deployment; Opposition to 4G and 5G Increasing",https://www.activistpost.com/2021/04/u-s-senators-urge-fcc-to-include-state-local-and-tribal-input-on-broadband-deployment-opposition-to-4g-and-5g-increasing.html,https://www.activistpost.com/wp-content/uploads/2021/04/FCC-3-flag.jpg,1
Skills Trump Stuff: Don’t Forget Your Chef’s Hat in an Emergency,https://www.naturalblaze.com/2021/07/skills-trump-stuff-dont-forget-your-chefs-hat-in-an-emergency.html?utm_source=Twitter&utm_medium=Social&utm_campaign=OneUpApp,https://www.naturalblaze.com/wp-content/uploads/2021/07/cooking-housewife-chef.jpg,1